bus,id,status,Pload,Qload
813,1,1,0.9999999776482582,0.0
814,1,1,0.9999999776482582,0.0
